-- --------------------------------------------------------
-- Host:                         127.0.0.1
-- Server version:               5.5.28 - MySQL Community Server (GPL)
-- Server OS:                    Win64
-- HeidiSQL Version:             9.1.0.4867
-- --------------------------------------------------------

/*!40101 SET @OLD_CHARACTER_SET_CLIENT=@@CHARACTER_SET_CLIENT */;
/*!40101 SET NAMES utf8mb4 */;
/*!40014 SET @OLD_FOREIGN_KEY_CHECKS=@@FOREIGN_KEY_CHECKS, FOREIGN_KEY_CHECKS=0 */;
/*!40101 SET @OLD_SQL_MODE=@@SQL_MODE, SQL_MODE='NO_AUTO_VALUE_ON_ZERO' */;
-- Dumping data for table zeus.app: ~3 rows (approximately)
DELETE FROM `app`;
/*!40000 ALTER TABLE `app` DISABLE KEYS */;
INSERT INTO `app` (`id`, `name`, `app_id`, `version`, `created_time`, `last_modified`) VALUES
	(1, 'h5GatewayFat', '921812', 7, '2015-03-10 17:10:03', '2015-03-14 21:58:52'),
	(2, 'h5GatewayUat', '921812', 1, '2015-03-10 17:13:52', '2015-03-15 19:14:23'),
	(11, 'h5GatewayUatApi', '921812', 1, '2015-03-11 16:19:31', '2015-03-15 19:14:47');
/*!40000 ALTER TABLE `app` ENABLE KEYS */;

-- Dumping data for table zeus.app_health_check: ~3 rows (approximately)
DELETE FROM `app_health_check`;
/*!40000 ALTER TABLE `app_health_check` DISABLE KEYS */;
INSERT INTO `app_health_check` (`id`, `app_id`, `uri`, `intervals`, `fails`, `passes`, `created_time`, `last_modified`) VALUES
	(1, 1, '/domaininfo/OnService.html', 10000, 5, 2, '2015-03-10 17:10:03', '2015-03-14 21:58:52'),
	(2, 2, '/domaininfo/xxxxx', 15000, 5, 2, '2015-03-10 17:13:52', '2015-03-15 19:14:23'),
	(11, 11, '/domaininfo/OnService.html', 15000, 5, 2, '2015-03-11 16:19:31', '2015-03-15 19:14:47');
/*!40000 ALTER TABLE `app_health_check` ENABLE KEYS */;

-- Dumping data for table zeus.app_load_balancing_method: ~3 rows (approximately)
DELETE FROM `app_load_balancing_method`;
/*!40000 ALTER TABLE `app_load_balancing_method` DISABLE KEYS */;
INSERT INTO `app_load_balancing_method` (`id`, `app_id`, `type`, `value`, `created_time`, `last_modified`) VALUES
	(1, 1, 'roundrobin', 'test', '2015-03-10 17:10:03', '2015-03-14 21:58:52'),
	(2, 2, 'roundrobin', 'test', '2015-03-10 17:13:52', '2015-03-15 19:14:23'),
	(11, 11, 'roundrobin', 'test', '2015-03-11 16:19:31', '2015-03-15 19:14:47');
/*!40000 ALTER TABLE `app_load_balancing_method` ENABLE KEYS */;

-- Dumping data for table zeus.app_server: ~6 rows (approximately)
DELETE FROM `app_server`;
/*!40000 ALTER TABLE `app_server` DISABLE KEYS */;
INSERT INTO `app_server` (`id`, `app_id`, `ip`, `port`, `weight`, `max_fails`, `fail_timeout`, `created_time`, `last_modified`) VALUES
	(7, 1, '10.2.6.201', 8080, 1, 2, 30, '2015-03-10 22:35:25', '2015-03-14 21:58:52'),
	(8, 1, '10.2.6.202', 8080, 2, 2, 30, '2015-03-10 22:35:25', '2015-03-14 21:58:52'),
	(19, 2, '10.2.24.69', 8080, 1, 2, 30, '2015-03-11 14:43:38', '2015-03-15 19:14:23'),
	(20, 2, '10.2.24.70', 8080, 2, 2, 30, '2015-03-11 14:43:38', '2015-03-15 19:14:23'),
	(23, 11, '10.2.24.69', 8080, 1, 2, 30, '2015-03-11 16:21:12', '2015-03-15 19:14:47'),
	(24, 11, '10.2.24.70', 8080, 2, 2, 30, '2015-03-11 16:21:12', '2015-03-15 19:14:47');
/*!40000 ALTER TABLE `app_server` ENABLE KEYS */;

-- Dumping data for table zeus.app_slb: ~3 rows (approximately)
DELETE FROM `app_slb`;
/*!40000 ALTER TABLE `app_slb` DISABLE KEYS */;
INSERT INTO `app_slb` (`id`, `app_name`, `slb_name`, `slb_virtual_server_name`, `path`, `created_time`, `last_modified`) VALUES
	(1, 'h5GatewayFat', 'default', 'site1', '/', '2015-03-10 17:10:03', '2015-03-15 18:46:08'),
	(7, 'h5GatewayUat', 'default', 'site2', '/', '2015-03-11 14:18:05', '2015-03-15 19:14:23'),
	(11, 'h5GatewayUatApi', 'default', 'site2', '/restapi', '2015-03-11 16:19:31', '2015-03-15 19:14:47');
/*!40000 ALTER TABLE `app_slb` ENABLE KEYS */;

-- Dumping data for table zeus.archive_app: ~5 rows (approximately)
DELETE FROM `archive_app`;
/*!40000 ALTER TABLE `archive_app` DISABLE KEYS */;
INSERT INTO `archive_app` (`id`, `name`, `content`, `version`, `created_time`, `last_modified`) VALUES
	(1, 'h5GatewayFat', '<?xml version="1.0" encoding="utf-8"?>\r\n<app name="h5GatewayFat" app-id="921812" version="1">\r\n   <app-slbs>\r\n      <app-slb>\r\n         <slb-name>default</slb-name>\r\n         <path>/</path>\r\n         <virtual-server name="site1" ssl="false">\r\n            <port>80</port>\r\n            <domains>\r\n               <domain name="s1.ctrip.com"/>\r\n            </domains>\r\n         </virtual-server>\r\n      </app-slb>\r\n   </app-slbs>\r\n   <health-check intervals="10000" fails="5" passes="2">\r\n      <uri>/domaininfo/OnService.html</uri>\r\n   </health-check>\r\n   <load-balancing-method type="roundrobin">\r\n      <value>test</value>\r\n   </load-balancing-method>\r\n   <app-servers>\r\n      <app-server port="8080" weight="1" max-fails="2" fail-timeout="30">\r\n         <ip>10.2.6.201</ip>\r\n      </app-server>\r\n      <app-server port="8080" weight="2" max-fails="2" fail-timeout="30">\r\n         <ip>10.2.6.202</ip>\r\n      </app-server>\r\n   </app-servers>\r\n</app>\r\n', 1, '2015-03-14 21:55:52', '2015-03-14 21:55:52'),
	(3, 'h5GatewayFat', '<?xml version="1.0" encoding="utf-8"?>\r\n<app name="h5GatewayFat" app-id="921812" version="6">\r\n   <app-slbs>\r\n      <app-slb>\r\n         <slb-name>default</slb-name>\r\n         <path>/</path>\r\n         <virtual-server name="site1" ssl="false">\r\n            <port>80</port>\r\n            <domains>\r\n               <domain name="s1.ctrip.com"/>\r\n            </domains>\r\n         </virtual-server>\r\n      </app-slb>\r\n   </app-slbs>\r\n   <health-check intervals="10000" fails="5" passes="2">\r\n      <uri>/domaininfo/OnService.html</uri>\r\n   </health-check>\r\n   <load-balancing-method type="roundrobin">\r\n      <value>test</value>\r\n   </load-balancing-method>\r\n   <app-servers>\r\n      <app-server port="8080" weight="1" max-fails="2" fail-timeout="30">\r\n         <ip>10.2.6.201</ip>\r\n      </app-server>\r\n      <app-server port="8080" weight="2" max-fails="2" fail-timeout="30">\r\n         <ip>10.2.6.202</ip>\r\n      </app-server>\r\n   </app-servers>\r\n</app>\r\n', 6, '2015-03-14 21:58:43', '2015-03-14 21:58:43'),
	(4, 'h5GatewayFat', '<?xml version="1.0" encoding="utf-8"?>\r\n<app name="h5GatewayFat" app-id="921812" version="7">\r\n   <app-slbs>\r\n      <app-slb>\r\n         <slb-name>default</slb-name>\r\n         <path>/</path>\r\n         <virtual-server name="site1" ssl="false">\r\n            <port>80</port>\r\n            <domains>\r\n               <domain name="s1.ctrip.com"/>\r\n            </domains>\r\n         </virtual-server>\r\n      </app-slb>\r\n   </app-slbs>\r\n   <health-check intervals="10000" fails="5" passes="2">\r\n      <uri>/domaininfo/OnService.html</uri>\r\n   </health-check>\r\n   <load-balancing-method type="roundrobin">\r\n      <value>test</value>\r\n   </load-balancing-method>\r\n   <app-servers>\r\n      <app-server port="8080" weight="1" max-fails="2" fail-timeout="30">\r\n         <ip>10.2.6.201</ip>\r\n      </app-server>\r\n      <app-server port="8080" weight="2" max-fails="2" fail-timeout="30">\r\n         <ip>10.2.6.202</ip>\r\n      </app-server>\r\n   </app-servers>\r\n</app>\r\n', 7, '2015-03-14 21:58:52', '2015-03-14 21:58:52'),
	(5, 'h5GatewayUat', '<?xml version="1.0" encoding="utf-8"?>\r\n<app name="h5GatewayUat" app-id="921812" version="1">\r\n   <app-slbs>\r\n      <app-slb>\r\n         <slb-name>default</slb-name>\r\n         <path>/</path>\r\n         <virtual-server name="site2" ssl="false">\r\n            <port>80</port>\r\n            <domains>\r\n               <domain name="s2a.ctrip.com"/>\r\n               <domain name="s2b.ctrip.com"/>\r\n            </domains>\r\n         </virtual-server>\r\n      </app-slb>\r\n   </app-slbs>\r\n   <health-check intervals="15000" fails="5" passes="2">\r\n      <uri>/domaininfo/xxxxx</uri>\r\n   </health-check>\r\n   <load-balancing-method type="roundrobin">\r\n      <value>test</value>\r\n   </load-balancing-method>\r\n   <app-servers>\r\n      <app-server port="8080" weight="1" max-fails="2" fail-timeout="30">\r\n         <ip>10.2.24.69</ip>\r\n      </app-server>\r\n      <app-server port="8080" weight="2" max-fails="2" fail-timeout="30">\r\n         <ip>10.2.24.70</ip>\r\n      </app-server>\r\n   </app-servers>\r\n</app>\r\n', 1, '2015-03-15 19:14:23', '2015-03-15 19:14:23'),
	(6, 'h5GatewayUatApi', '<?xml version="1.0" encoding="utf-8"?>\r\n<app name="h5GatewayUatApi" app-id="921812" version="1">\r\n   <app-slbs>\r\n      <app-slb>\r\n         <slb-name>default</slb-name>\r\n         <path>/restapi</path>\r\n         <virtual-server name="site2" ssl="false">\r\n            <port>80</port>\r\n            <domains>\r\n               <domain name="s2a.ctrip.com"/>\r\n               <domain name="s2b.ctrip.com"/>\r\n            </domains>\r\n         </virtual-server>\r\n      </app-slb>\r\n   </app-slbs>\r\n   <health-check intervals="15000" fails="5" passes="2">\r\n      <uri>/domaininfo/OnService.html</uri>\r\n   </health-check>\r\n   <load-balancing-method type="roundrobin">\r\n      <value>test</value>\r\n   </load-balancing-method>\r\n   <app-servers>\r\n      <app-server port="8080" weight="1" max-fails="2" fail-timeout="30">\r\n         <ip>10.2.24.69</ip>\r\n      </app-server>\r\n      <app-server port="8080" weight="2" max-fails="2" fail-timeout="30">\r\n         <ip>10.2.24.70</ip>\r\n      </app-server>\r\n   </app-servers>\r\n</app>\r\n', 1, '2015-03-15 19:14:47', '2015-03-15 19:14:47');
/*!40000 ALTER TABLE `archive_app` ENABLE KEYS */;

-- Dumping data for table zeus.archive_slb: ~4 rows (approximately)
DELETE FROM `archive_slb`;
/*!40000 ALTER TABLE `archive_slb` DISABLE KEYS */;
INSERT INTO `archive_slb` (`id`, `name`, `content`, `version`, `created_time`, `last_modified`) VALUES
	(1, 'default', '<?xml version="1.0" encoding="utf-8"?>\r\n<slb name="default" version="1">\r\n   <nginx-bin>/usr/local/nginx/sbin</nginx-bin>\r\n   <nginx-conf>/usr/local/nginx/conf</nginx-conf>\r\n   <nginx-worker-processes>1</nginx-worker-processes>\r\n   <status>TEST</status>\r\n   <vips>\r\n      <vip ip="10.2.25.93"/>\r\n   </vips>\r\n   <slb-servers>\r\n      <slb-server ip="10.2.25.93" host-name="uat0358" enable="true"/>\r\n      <slb-server ip="10.2.25.94" host-name="uat0359" enable="true"/>\r\n      <slb-server ip="10.2.25.95" host-name="uat0360" enable="true"/>\r\n   </slb-servers>\r\n   <virtual-servers>\r\n      <virtual-server name="site1" ssl="false">\r\n         <port>80</port>\r\n         <domains>\r\n            <domain name="s1.ctrip.com"/>\r\n         </domains>\r\n      </virtual-server>\r\n      <virtual-server name="site2" ssl="false">\r\n         <port>80</port>\r\n         <domains>\r\n            <domain name="s2a.ctrip.com"/>\r\n            <domain name="s2b.ctrip.com"/>\r\n         </domains>\r\n      </virtual-server>\r\n   </virtual-servers>\r\n</slb>\r\n', 1, '2015-03-14 22:00:53', '2015-03-14 22:00:53'),
	(2, 'default', '<?xml version="1.0" encoding="utf-8"?>\r\n<slb name="default" version="2">\r\n   <nginx-bin>/usr/local/nginx/sbin</nginx-bin>\r\n   <nginx-conf>/usr/local/nginx/conf</nginx-conf>\r\n   <nginx-worker-processes>1</nginx-worker-processes>\r\n   <status>TEST</status>\r\n   <vips>\r\n      <vip ip="10.2.25.93"/>\r\n   </vips>\r\n   <slb-servers>\r\n      <slb-server ip="10.2.25.93" host-name="uat0358" enable="true"/>\r\n      <slb-server ip="10.2.25.94" host-name="uat0359" enable="true"/>\r\n      <slb-server ip="10.2.25.95" host-name="uat0360" enable="true"/>\r\n   </slb-servers>\r\n   <virtual-servers>\r\n      <virtual-server name="site1" ssl="false">\r\n         <port>80</port>\r\n         <domains>\r\n            <domain name="s1.ctrip.com"/>\r\n         </domains>\r\n      </virtual-server>\r\n      <virtual-server name="site2" ssl="false">\r\n         <port>80</port>\r\n         <domains>\r\n            <domain name="s2a.ctrip.com"/>\r\n            <domain name="s2b.ctrip.com"/>\r\n         </domains>\r\n      </virtual-server>\r\n   </virtual-servers>\r\n</slb>\r\n', 2, '2015-03-14 22:00:54', '2015-03-14 22:00:54'),
	(3, 'default', '<?xml version="1.0" encoding="utf-8"?>\r\n<slb name="default" version="3">\r\n   <nginx-bin>/usr/local/nginx/sbin</nginx-bin>\r\n   <nginx-conf>/usr/local/nginx/conf</nginx-conf>\r\n   <nginx-worker-processes>1</nginx-worker-processes>\r\n   <status>TEST</status>\r\n   <vips>\r\n      <vip ip="10.2.25.93"/>\r\n   </vips>\r\n   <slb-servers>\r\n      <slb-server ip="10.2.25.93" host-name="uat0358" enable="true"/>\r\n      <slb-server ip="10.2.25.94" host-name="uat0359" enable="true"/>\r\n      <slb-server ip="10.2.25.95" host-name="uat0360" enable="true"/>\r\n   </slb-servers>\r\n   <virtual-servers>\r\n      <virtual-server name="site1" ssl="false">\r\n         <port>80</port>\r\n         <domains>\r\n            <domain name="s1.ctrip.com"/>\r\n         </domains>\r\n      </virtual-server>\r\n      <virtual-server name="site2" ssl="false">\r\n         <port>80</port>\r\n         <domains>\r\n            <domain name="s2a.ctrip.com"/>\r\n            <domain name="s2b.ctrip.com"/>\r\n         </domains>\r\n      </virtual-server>\r\n   </virtual-servers>\r\n</slb>\r\n', 3, '2015-03-14 22:00:55', '2015-03-14 22:00:55'),
	(4, 'default', '<?xml version="1.0" encoding="utf-8"?>\r\n<slb name="default" version="4">\r\n   <nginx-bin>/usr/local/nginx/sbin</nginx-bin>\r\n   <nginx-conf>/usr/local/nginx/conf</nginx-conf>\r\n   <nginx-worker-processes>1</nginx-worker-processes>\r\n   <status>TEST</status>\r\n   <vips>\r\n      <vip ip="10.2.25.93"/>\r\n   </vips>\r\n   <slb-servers>\r\n      <slb-server ip="10.2.25.93" host-name="uat0358" enable="true"/>\r\n      <slb-server ip="10.2.25.94" host-name="uat0359" enable="true"/>\r\n      <slb-server ip="10.2.25.95" host-name="uat0360" enable="true"/>\r\n   </slb-servers>\r\n   <virtual-servers>\r\n      <virtual-server name="site1" ssl="false">\r\n         <port>80</port>\r\n         <domains>\r\n            <domain name="s1.ctrip.com"/>\r\n         </domains>\r\n      </virtual-server>\r\n      <virtual-server name="site2" ssl="false">\r\n         <port>80</port>\r\n         <domains>\r\n            <domain name="s2a.ctrip.com"/>\r\n            <domain name="s2b.ctrip.com"/>\r\n         </domains>\r\n      </virtual-server>\r\n   </virtual-servers>\r\n</slb>\r\n', 4, '2015-03-15 19:37:35', '2015-03-15 19:37:35');
/*!40000 ALTER TABLE `archive_slb` ENABLE KEYS */;

-- Dumping data for table zeus.build_info: ~1 rows (approximately)
DELETE FROM `build_info`;
/*!40000 ALTER TABLE `build_info` DISABLE KEYS */;
INSERT INTO `build_info` (`id`, `name`, `pending_ticket`, `current_ticket`, `created_time`, `last_modified`) VALUES
	(2, 'default', 39, 39, '2015-03-15 17:03:31', '2015-03-15 20:53:56');
/*!40000 ALTER TABLE `build_info` ENABLE KEYS */;

-- Dumping data for table zeus.conf_app_active: ~3 rows (approximately)
DELETE FROM `conf_app_active`;
/*!40000 ALTER TABLE `conf_app_active` DISABLE KEYS */;
INSERT INTO `conf_app_active` (`id`, `name`, `content`, `version`, `created_time`, `last_modified`) VALUES
	(8, 'h5GatewayFat', '<?xml version="1.0" encoding="utf-8"?>\r\n<app name="h5GatewayFat" app-id="921812" version="7">\r\n   <app-slbs>\r\n      <app-slb>\r\n         <slb-name>default</slb-name>\r\n         <path>/</path>\r\n         <virtual-server name="site1" ssl="false">\r\n            <port>80</port>\r\n            <domains>\r\n               <domain name="s1.ctrip.com"/>\r\n            </domains>\r\n         </virtual-server>\r\n      </app-slb>\r\n   </app-slbs>\r\n   <health-check intervals="10000" fails="5" passes="2">\r\n      <uri>/domaininfo/OnService.html</uri>\r\n   </health-check>\r\n   <load-balancing-method type="roundrobin">\r\n      <value>test</value>\r\n   </load-balancing-method>\r\n   <app-servers>\r\n      <app-server port="8080" weight="1" max-fails="2" fail-timeout="30">\r\n         <ip>10.2.6.201</ip>\r\n      </app-server>\r\n      <app-server port="8080" weight="2" max-fails="2" fail-timeout="30">\r\n         <ip>10.2.6.202</ip>\r\n      </app-server>\r\n   </app-servers>\r\n</app>\r\n', 7, NULL, '2015-03-15 19:18:57'),
	(62, 'h5GatewayUatApi', '<?xml version="1.0" encoding="utf-8"?>\r\n<app name="h5GatewayUatApi" app-id="921812" version="1">\r\n   <app-slbs>\r\n      <app-slb>\r\n         <slb-name>default</slb-name>\r\n         <path>/restapi</path>\r\n         <virtual-server name="site2" ssl="false">\r\n            <port>80</port>\r\n            <domains>\r\n               <domain name="s2a.ctrip.com"/>\r\n               <domain name="s2b.ctrip.com"/>\r\n            </domains>\r\n         </virtual-server>\r\n      </app-slb>\r\n   </app-slbs>\r\n   <health-check intervals="15000" fails="5" passes="2">\r\n      <uri>/domaininfo/OnService.html</uri>\r\n   </health-check>\r\n   <load-balancing-method type="roundrobin">\r\n      <value>test</value>\r\n   </load-balancing-method>\r\n   <app-servers>\r\n      <app-server port="8080" weight="1" max-fails="2" fail-timeout="30">\r\n         <ip>10.2.24.69</ip>\r\n      </app-server>\r\n      <app-server port="8080" weight="2" max-fails="2" fail-timeout="30">\r\n         <ip>10.2.24.70</ip>\r\n      </app-server>\r\n   </app-servers>\r\n</app>\r\n', 1, '2015-03-15 19:20:51', '2015-03-15 19:20:51'),
	(63, 'h5GatewayUat', '<?xml version="1.0" encoding="utf-8"?>\r\n<app name="h5GatewayUat" app-id="921812" version="1">\r\n   <app-slbs>\r\n      <app-slb>\r\n         <slb-name>default</slb-name>\r\n         <path>/</path>\r\n         <virtual-server name="site2" ssl="false">\r\n            <port>80</port>\r\n            <domains>\r\n               <domain name="s2a.ctrip.com"/>\r\n               <domain name="s2b.ctrip.com"/>\r\n            </domains>\r\n         </virtual-server>\r\n      </app-slb>\r\n   </app-slbs>\r\n   <health-check intervals="15000" fails="5" passes="2">\r\n      <uri>/domaininfo/xxxxx</uri>\r\n   </health-check>\r\n   <load-balancing-method type="roundrobin">\r\n      <value>test</value>\r\n   </load-balancing-method>\r\n   <app-servers>\r\n      <app-server port="8080" weight="1" max-fails="2" fail-timeout="30">\r\n         <ip>10.2.24.69</ip>\r\n      </app-server>\r\n      <app-server port="8080" weight="2" max-fails="2" fail-timeout="30">\r\n         <ip>10.2.24.70</ip>\r\n      </app-server>\r\n   </app-servers>\r\n</app>\r\n', 1, '2015-03-15 19:21:02', '2015-03-15 20:53:56');
/*!40000 ALTER TABLE `conf_app_active` ENABLE KEYS */;

-- Dumping data for table zeus.conf_slb_active: ~1 rows (approximately)
DELETE FROM `conf_slb_active`;
/*!40000 ALTER TABLE `conf_slb_active` DISABLE KEYS */;
INSERT INTO `conf_slb_active` (`id`, `name`, `content`, `version`, `created_time`, `last_modified`) VALUES
	(5, 'default', '<?xml version="1.0" encoding="utf-8"?>\r\n<slb name="default" version="4">\r\n   <nginx-bin>/usr/local/nginx/sbin</nginx-bin>\r\n   <nginx-conf>/usr/local/nginx/conf</nginx-conf>\r\n   <nginx-worker-processes>1</nginx-worker-processes>\r\n   <status>TEST</status>\r\n   <vips>\r\n      <vip ip="10.2.25.93"/>\r\n   </vips>\r\n   <slb-servers>\r\n      <slb-server ip="10.2.25.93" host-name="uat0358" enable="true"/>\r\n      <slb-server ip="10.2.25.94" host-name="uat0359" enable="true"/>\r\n      <slb-server ip="10.2.25.95" host-name="uat0360" enable="true"/>\r\n   </slb-servers>\r\n   <virtual-servers>\r\n      <virtual-server name="site1" ssl="false">\r\n         <port>80</port>\r\n         <domains>\r\n            <domain name="s1.ctrip.com"/>\r\n         </domains>\r\n      </virtual-server>\r\n      <virtual-server name="site2" ssl="false">\r\n         <port>80</port>\r\n         <domains>\r\n            <domain name="s2a.ctrip.com"/>\r\n            <domain name="s2b.ctrip.com"/>\r\n         </domains>\r\n      </virtual-server>\r\n   </virtual-servers>\r\n</slb>\r\n', 4, '2015-03-15 14:55:07', '2015-03-15 20:53:56');
/*!40000 ALTER TABLE `conf_slb_active` ENABLE KEYS */;

-- Dumping data for table zeus.nginx_conf: ~32 rows (approximately)
DELETE FROM `nginx_conf`;
/*!40000 ALTER TABLE `nginx_conf` DISABLE KEYS */;
INSERT INTO `nginx_conf` (`id`, `name`, `content`, `version`, `created_time`, `last_modified`) VALUES
	(1, 'default', 'worker_processes 1;\nevents {\n    worker_connections 1024;\n}\nhttp {\n    include    mime.types;\n    default_type    application/octet-stream;\n    keepalive_timeout    65;\nserver {\n    listen    10001;\n    location / {\n        check_status;\n    }\n    location =/status.json {\n        check_status json;\n    }\n}\n    include    upstreams/*.conf;\n    include    vhosts/*.conf;\n}\n', 8, '2015-03-15 17:35:57', '2015-03-15 17:35:57'),
	(2, 'default', 'worker_processes 1;\nevents {\n    worker_connections 1024;\n}\nhttp {\n    include    mime.types;\n    default_type    application/octet-stream;\n    keepalive_timeout    65;\nserver {\n    listen    10001;\n    location / {\n        check_status;\n    }\n    location =/status.json {\n        check_status json;\n    }\n}\n    include    upstreams/*.conf;\n    include    vhosts/*.conf;\n}\n', 9, '2015-03-15 17:36:12', '2015-03-15 17:36:12'),
	(3, 'default', 'worker_processes 1;\nevents {\n    worker_connections 1024;\n}\nhttp {\n    include    mime.types;\n    default_type    application/octet-stream;\n    keepalive_timeout    65;\nserver {\n    listen    10001;\n    location / {\n        check_status;\n    }\n    location =/status.json {\n        check_status json;\n    }\n}\n    include    upstreams/*.conf;\n    include    vhosts/*.conf;\n}\n', 10, '2015-03-15 17:36:13', '2015-03-15 17:36:13'),
	(4, 'default', 'worker_processes 1;\nevents {\n    worker_connections 1024;\n}\nhttp {\n    include    mime.types;\n    default_type    application/octet-stream;\n    keepalive_timeout    65;\nserver {\n    listen    10001;\n    location / {\n        check_status;\n    }\n    location =/status.json {\n        check_status json;\n    }\n}\n    include    upstreams/*.conf;\n    include    vhosts/*.conf;\n}\n', 11, '2015-03-15 17:36:13', '2015-03-15 17:36:13'),
	(5, 'default', 'worker_processes 1;\nevents {\n    worker_connections 1024;\n}\nhttp {\n    include    mime.types;\n    default_type    application/octet-stream;\n    keepalive_timeout    65;\nserver {\n    listen    10001;\n    location / {\n        check_status;\n    }\n    location =/status.json {\n        check_status json;\n    }\n}\n    include    upstreams/*.conf;\n    include    vhosts/*.conf;\n}\n', 12, '2015-03-15 17:36:13', '2015-03-15 17:36:13'),
	(6, 'default', 'worker_processes 1;\nevents {\n    worker_connections 1024;\n}\nhttp {\n    include    mime.types;\n    default_type    application/octet-stream;\n    keepalive_timeout    65;\nserver {\n    listen    10001;\n    location / {\n        check_status;\n    }\n    location =/status.json {\n        check_status json;\n    }\n}\n    include    upstreams/*.conf;\n    include    vhosts/*.conf;\n}\n', 13, '2015-03-15 17:36:13', '2015-03-15 17:36:13'),
	(8, 'default', 'worker_processes 1;\nevents {\n    worker_connections 1024;\n}\nhttp {\n    include    mime.types;\n    default_type    application/octet-stream;\n    keepalive_timeout    65;\nserver {\n    listen    10001;\n    location / {\n        check_status;\n    }\n    location =/status.json {\n        check_status json;\n    }\n}\n    include    upstreams/*.conf;\n    include    vhosts/*.conf;\n}\n', 14, '2015-03-15 18:06:10', '2015-03-15 18:06:10'),
	(9, 'default', 'worker_processes 1;\nevents {\n    worker_connections 1024;\n}\nhttp {\n    include    mime.types;\n    default_type    application/octet-stream;\n    keepalive_timeout    65;\nserver {\n    listen    10001;\n    location / {\n        check_status;\n    }\n    location =/status.json {\n        check_status json;\n    }\n}\n    include    upstreams/*.conf;\n    include    vhosts/*.conf;\n}\n', 15, '2015-03-15 18:07:16', '2015-03-15 18:07:16'),
	(10, 'default', 'worker_processes 1;\nevents {\n    worker_connections 1024;\n}\nhttp {\n    include    mime.types;\n    default_type    application/octet-stream;\n    keepalive_timeout    65;\nserver {\n    listen    10001;\n    location / {\n        check_status;\n    }\n    location =/status.json {\n        check_status json;\n    }\n}\n    include    upstreams/*.conf;\n    include    vhosts/*.conf;\n}\n', 16, '2015-03-15 18:07:47', '2015-03-15 18:07:47'),
	(11, 'default', 'worker_processes 1;\nevents {\n    worker_connections 1024;\n}\nhttp {\n    include    mime.types;\n    default_type    application/octet-stream;\n    keepalive_timeout    65;\nserver {\n    listen    10001;\n    location / {\n        check_status;\n    }\n    location =/status.json {\n        check_status json;\n    }\n}\n    include    upstreams/*.conf;\n    include    vhosts/*.conf;\n}\n', 17, '2015-03-15 18:10:41', '2015-03-15 18:10:41'),
	(12, 'default', 'worker_processes 1;\nevents {\n    worker_connections 1024;\n}\nhttp {\n    include    mime.types;\n    default_type    application/octet-stream;\n    keepalive_timeout    65;\nserver {\n    listen    10001;\n    location / {\n        check_status;\n    }\n    location =/status.json {\n        check_status json;\n    }\n}\n    include    upstreams/*.conf;\n    include    vhosts/*.conf;\n}\n', 18, '2015-03-15 18:46:50', '2015-03-15 18:46:50'),
	(13, 'default', 'worker_processes 1;\nevents {\n    worker_connections 1024;\n}\nhttp {\n    include    mime.types;\n    default_type    application/octet-stream;\n    keepalive_timeout    65;\nserver {\n    listen    10001;\n    location / {\n        check_status;\n    }\n    location =/status.json {\n        check_status json;\n    }\n}\n    include    upstreams/*.conf;\n    include    vhosts/*.conf;\n}\n', 19, '2015-03-15 18:49:28', '2015-03-15 18:49:28'),
	(14, 'default', 'worker_processes 1;\nevents {\n    worker_connections 1024;\n}\nhttp {\n    include    mime.types;\n    default_type    application/octet-stream;\n    keepalive_timeout    65;\nserver {\n    listen    10001;\n    location / {\n        check_status;\n    }\n    location =/status.json {\n        check_status json;\n    }\n}\n    include    upstreams/*.conf;\n    include    vhosts/*.conf;\n}\n', 20, '2015-03-15 18:50:36', '2015-03-15 18:50:36'),
	(15, 'default', 'worker_processes 1;\nevents {\n    worker_connections 1024;\n}\nhttp {\n    include    mime.types;\n    default_type    application/octet-stream;\n    keepalive_timeout    65;\nserver {\n    listen    10001;\n    location / {\n        check_status;\n    }\n    location =/status.json {\n        check_status json;\n    }\n}\n    include    upstreams/*.conf;\n    include    vhosts/*.conf;\n}\n', 21, '2015-03-15 18:52:06', '2015-03-15 18:52:06'),
	(16, 'default', 'worker_processes 1;\nevents {\n    worker_connections 1024;\n}\nhttp {\n    include    mime.types;\n    default_type    application/octet-stream;\n    keepalive_timeout    65;\nserver {\n    listen    10001;\n    location / {\n        check_status;\n    }\n    location =/status.json {\n        check_status json;\n    }\n}\n    include    upstreams/*.conf;\n    include    vhosts/*.conf;\n}\n', 22, '2015-03-15 18:53:43', '2015-03-15 18:53:43'),
	(17, 'default', 'worker_processes 1;\nevents {\n    worker_connections 1024;\n}\nhttp {\n    include    mime.types;\n    default_type    application/octet-stream;\n    keepalive_timeout    65;\nserver {\n    listen    10001;\n    location / {\n        check_status;\n    }\n    location =/status.json {\n        check_status json;\n    }\n}\n    include    upstreams/*.conf;\n    include    vhosts/*.conf;\n}\n', 23, '2015-03-15 18:54:23', '2015-03-15 18:54:23'),
	(18, 'default', 'worker_processes 1;\nevents {\n    worker_connections 1024;\n}\nhttp {\n    include    mime.types;\n    default_type    application/octet-stream;\n    keepalive_timeout    65;\nserver {\n    listen    10001;\n    location / {\n        check_status;\n    }\n    location =/status.json {\n        check_status json;\n    }\n}\n    include    upstreams/*.conf;\n    include    vhosts/*.conf;\n}\n', 24, '2015-03-15 18:54:30', '2015-03-15 18:54:30'),
	(19, 'default', 'worker_processes 1;\nevents {\n    worker_connections 1024;\n}\nhttp {\n    include    mime.types;\n    default_type    application/octet-stream;\n    keepalive_timeout    65;\nserver {\n    listen    10001;\n    location / {\n        check_status;\n    }\n    location =/status.json {\n        check_status json;\n    }\n}\n    include    upstreams/*.conf;\n    include    vhosts/*.conf;\n}\n', 25, '2015-03-15 18:54:31', '2015-03-15 18:54:31'),
	(20, 'default', 'worker_processes 1;\nevents {\n    worker_connections 1024;\n}\nhttp {\n    include    mime.types;\n    default_type    application/octet-stream;\n    keepalive_timeout    65;\nserver {\n    listen    10001;\n    location / {\n        check_status;\n    }\n    location =/status.json {\n        check_status json;\n    }\n}\n    include    upstreams/*.conf;\n    include    vhosts/*.conf;\n}\n', 26, '2015-03-15 18:54:31', '2015-03-15 18:54:31'),
	(21, 'default', 'worker_processes 1;\nevents {\n    worker_connections 1024;\n}\nhttp {\n    include    mime.types;\n    default_type    application/octet-stream;\n    keepalive_timeout    65;\nserver {\n    listen    10001;\n    location / {\n        check_status;\n    }\n    location =/status.json {\n        check_status json;\n    }\n}\n    include    upstreams/*.conf;\n    include    vhosts/*.conf;\n}\n', 27, '2015-03-15 18:54:32', '2015-03-15 18:54:32'),
	(22, 'default', 'worker_processes 1;\nevents {\n    worker_connections 1024;\n}\nhttp {\n    include    mime.types;\n    default_type    application/octet-stream;\n    keepalive_timeout    65;\nserver {\n    listen    10001;\n    location / {\n        check_status;\n    }\n    location =/status.json {\n        check_status json;\n    }\n}\n    include    upstreams/*.conf;\n    include    vhosts/*.conf;\n}\n', 28, '2015-03-15 19:14:52', '2015-03-15 19:14:52'),
	(23, 'default', 'worker_processes 1;\nevents {\n    worker_connections 1024;\n}\nhttp {\n    include    mime.types;\n    default_type    application/octet-stream;\n    keepalive_timeout    65;\nserver {\n    listen    10001;\n    location / {\n        check_status;\n    }\n    location =/status.json {\n        check_status json;\n    }\n}\n    include    upstreams/*.conf;\n    include    vhosts/*.conf;\n}\n', 29, '2015-03-15 19:15:30', '2015-03-15 19:15:30'),
	(24, 'default', 'worker_processes 1;\nevents {\n    worker_connections 1024;\n}\nhttp {\n    include    mime.types;\n    default_type    application/octet-stream;\n    keepalive_timeout    65;\nserver {\n    listen    10001;\n    location / {\n        check_status;\n    }\n    location =/status.json {\n        check_status json;\n    }\n}\n    include    upstreams/*.conf;\n    include    vhosts/*.conf;\n}\n', 30, '2015-03-15 19:15:52', '2015-03-15 19:15:52'),
	(25, 'default', 'worker_processes 1;\nevents {\n    worker_connections 1024;\n}\nhttp {\n    include    mime.types;\n    default_type    application/octet-stream;\n    keepalive_timeout    65;\nserver {\n    listen    10001;\n    location / {\n        check_status;\n    }\n    location =/status.json {\n        check_status json;\n    }\n}\n    include    upstreams/*.conf;\n    include    vhosts/*.conf;\n}\n', 31, '2015-03-15 19:16:16', '2015-03-15 19:16:16'),
	(26, 'default', 'worker_processes 1;\nevents {\n    worker_connections 1024;\n}\nhttp {\n    include    mime.types;\n    default_type    application/octet-stream;\n    keepalive_timeout    65;\nserver {\n    listen    10001;\n    location / {\n        check_status;\n    }\n    location =/status.json {\n        check_status json;\n    }\n}\n    include    upstreams/*.conf;\n    include    vhosts/*.conf;\n}\n', 32, '2015-03-15 19:18:57', '2015-03-15 19:18:57'),
	(27, 'default', 'worker_processes 1;\nevents {\n    worker_connections 1024;\n}\nhttp {\n    include    mime.types;\n    default_type    application/octet-stream;\n    keepalive_timeout    65;\nserver {\n    listen    10001;\n    location / {\n        check_status;\n    }\n    location =/status.json {\n        check_status json;\n    }\n}\n    include    upstreams/*.conf;\n    include    vhosts/*.conf;\n}\n', 33, '2015-03-15 19:20:51', '2015-03-15 19:20:51'),
	(28, 'default', 'worker_processes 1;\nevents {\n    worker_connections 1024;\n}\nhttp {\n    include    mime.types;\n    default_type    application/octet-stream;\n    keepalive_timeout    65;\nserver {\n    listen    10001;\n    location / {\n        check_status;\n    }\n    location =/status.json {\n        check_status json;\n    }\n}\n    include    upstreams/*.conf;\n    include    vhosts/*.conf;\n}\n', 34, '2015-03-15 19:21:02', '2015-03-15 19:21:02'),
	(29, 'default', 'worker_processes 1;\nevents {\n    worker_connections 1024;\n}\nhttp {\n    include    mime.types;\n    default_type    application/octet-stream;\n    keepalive_timeout    65;\nserver {\n    listen    10001;\n    location / {\n        check_status;\n    }\n    location =/status.json {\n        check_status json;\n    }\n}\n    include    upstreams/*.conf;\n    include    vhosts/*.conf;\n}\n', 35, '2015-03-15 19:23:14', '2015-03-15 19:23:14'),
	(30, 'default', 'worker_processes 1;\nevents {\n    worker_connections 1024;\n}\nhttp {\n    include    mime.types;\n    default_type    application/octet-stream;\n    keepalive_timeout    65;\nserver {\n    listen    10001;\n    location / {\n        check_status;\n    }\n    location =/status.json {\n        check_status json;\n    }\n}\n    include    upstreams/*.conf;\n    include    vhosts/*.conf;\n}\n', 36, '2015-03-15 20:50:22', '2015-03-15 20:50:22'),
	(31, 'default', 'worker_processes 1;\nevents {\n    worker_connections 1024;\n}\nhttp {\n    include    mime.types;\n    default_type    application/octet-stream;\n    keepalive_timeout    65;\nserver {\n    listen    10001;\n    location / {\n        check_status;\n    }\n    location =/status.json {\n        check_status json;\n    }\n}\n    include    upstreams/*.conf;\n    include    vhosts/*.conf;\n}\n', 37, '2015-03-15 20:50:51', '2015-03-15 20:50:51'),
	(32, 'default', 'worker_processes 1;\nevents {\n    worker_connections 1024;\n}\nhttp {\n    include    mime.types;\n    default_type    application/octet-stream;\n    keepalive_timeout    65;\nserver {\n    listen    10001;\n    location / {\n        check_status;\n    }\n    location =/status.json {\n        check_status json;\n    }\n}\n    include    upstreams/*.conf;\n    include    vhosts/*.conf;\n}\n', 38, '2015-03-15 20:53:03', '2015-03-15 20:53:03'),
	(33, 'default', 'worker_processes 1;\nevents {\n    worker_connections 1024;\n}\nhttp {\n    include    mime.types;\n    default_type    application/octet-stream;\n    keepalive_timeout    65;\nserver {\n    listen    10001;\n    location / {\n        check_status;\n    }\n    location =/status.json {\n        check_status json;\n    }\n}\n    include    upstreams/*.conf;\n    include    vhosts/*.conf;\n}\n', 39, '2015-03-15 20:53:56', '2015-03-15 20:53:56');
/*!40000 ALTER TABLE `nginx_conf` ENABLE KEYS */;

-- Dumping data for table zeus.nginx_conf_server: ~40 rows (approximately)
DELETE FROM `nginx_conf_server`;
/*!40000 ALTER TABLE `nginx_conf_server` DISABLE KEYS */;
INSERT INTO `nginx_conf_server` (`id`, `slb_name`, `name`, `content`, `version`, `created_time`, `last_modified`) VALUES
	(1, 'default', 'site1', 'server {\n    listen    80;\n    server_name     s1.ctrip.com;\n    location /{\n        check_status;\n        proxy_pass http://backend_site1_h5GatewayFat;\n    }\n}\n', 20, '2015-03-15 18:50:36', '2015-03-15 18:50:36'),
	(2, 'default', 'site2', 'server {\n    listen    80;\n    server_name     s2a.ctrip.com s2b.ctrip.com;\n}\n', 20, '2015-03-15 18:50:36', '2015-03-15 18:50:36'),
	(3, 'default', 'site1', 'server {\n    listen    80;\n    server_name     s1.ctrip.com;\n    location /{\n        check_status;\n        proxy_pass http://backend_site1_h5GatewayFat;\n    }\n}\n', 21, '2015-03-15 18:52:39', '2015-03-15 18:52:40'),
	(4, 'default', 'site2', 'server {\n    listen    80;\n    server_name     s2a.ctrip.com s2b.ctrip.com;\n}\n', 21, '2015-03-15 18:53:06', '2015-03-15 18:53:06'),
	(5, 'default', 'site1', 'server {\n    listen    80;\n    server_name     s1.ctrip.com;\n    location /{\n        check_status;\n        proxy_pass http://backend_site1_h5GatewayFat;\n    }\n}\n', 22, '2015-03-15 18:53:43', '2015-03-15 18:53:43'),
	(6, 'default', 'site2', 'server {\n    listen    80;\n    server_name     s2a.ctrip.com s2b.ctrip.com;\n}\n', 22, '2015-03-15 18:53:43', '2015-03-15 18:53:43'),
	(7, 'default', 'site1', 'server {\n    listen    80;\n    server_name     s1.ctrip.com;\n    location /{\n        check_status;\n        proxy_pass http://backend_site1_h5GatewayFat;\n    }\n}\n', 23, '2015-03-15 18:54:23', '2015-03-15 18:54:23'),
	(8, 'default', 'site2', 'server {\n    listen    80;\n    server_name     s2a.ctrip.com s2b.ctrip.com;\n}\n', 23, '2015-03-15 18:54:23', '2015-03-15 18:54:23'),
	(9, 'default', 'site1', 'server {\n    listen    80;\n    server_name     s1.ctrip.com;\n    location /{\n        check_status;\n        proxy_pass http://backend_site1_h5GatewayFat;\n    }\n}\n', 24, '2015-03-15 18:54:30', '2015-03-15 18:54:30'),
	(10, 'default', 'site2', 'server {\n    listen    80;\n    server_name     s2a.ctrip.com s2b.ctrip.com;\n}\n', 24, '2015-03-15 18:54:30', '2015-03-15 18:54:30'),
	(11, 'default', 'site1', 'server {\n    listen    80;\n    server_name     s1.ctrip.com;\n    location /{\n        check_status;\n        proxy_pass http://backend_site1_h5GatewayFat;\n    }\n}\n', 25, '2015-03-15 18:54:31', '2015-03-15 18:54:31'),
	(12, 'default', 'site2', 'server {\n    listen    80;\n    server_name     s2a.ctrip.com s2b.ctrip.com;\n}\n', 25, '2015-03-15 18:54:31', '2015-03-15 18:54:31'),
	(13, 'default', 'site1', 'server {\n    listen    80;\n    server_name     s1.ctrip.com;\n    location /{\n        check_status;\n        proxy_pass http://backend_site1_h5GatewayFat;\n    }\n}\n', 26, '2015-03-15 18:54:31', '2015-03-15 18:54:31'),
	(14, 'default', 'site2', 'server {\n    listen    80;\n    server_name     s2a.ctrip.com s2b.ctrip.com;\n}\n', 26, '2015-03-15 18:54:31', '2015-03-15 18:54:31'),
	(15, 'default', 'site1', 'server {\n    listen    80;\n    server_name     s1.ctrip.com;\n    location /{\n        check_status;\n        proxy_pass http://backend_site1_h5GatewayFat;\n    }\n}\n', 27, '2015-03-15 18:54:32', '2015-03-15 18:54:32'),
	(16, 'default', 'site2', 'server {\n    listen    80;\n    server_name     s2a.ctrip.com s2b.ctrip.com;\n}\n', 27, '2015-03-15 18:54:32', '2015-03-15 18:54:32'),
	(17, 'default', 'site1', 'server {\n    listen    80;\n    server_name     s1.ctrip.com;\n    location /{\n        check_status;\n        proxy_pass http://backend_site1_h5GatewayFat;\n    }\n}\n', 28, '2015-03-15 19:14:52', '2015-03-15 19:14:52'),
	(18, 'default', 'site2', 'server {\n    listen    80;\n    server_name     s2a.ctrip.com s2b.ctrip.com;\n}\n', 28, '2015-03-15 19:14:52', '2015-03-15 19:14:52'),
	(19, 'default', 'site1', 'server {\n    listen    80;\n    server_name     s1.ctrip.com;\n    location /{\n        check_status;\n        proxy_pass http://backend_site1_h5GatewayFat;\n    }\n}\n', 29, '2015-03-15 19:15:30', '2015-03-15 19:15:30'),
	(20, 'default', 'site2', 'server {\n    listen    80;\n    server_name     s2a.ctrip.com s2b.ctrip.com;\n}\n', 29, '2015-03-15 19:15:30', '2015-03-15 19:15:30'),
	(21, 'default', 'site1', 'server {\n    listen    80;\n    server_name     s1.ctrip.com;\n    location /{\n        check_status;\n        proxy_pass http://backend_site1_h5GatewayFat;\n    }\n}\n', 30, '2015-03-15 19:15:52', '2015-03-15 19:15:52'),
	(22, 'default', 'site2', 'server {\n    listen    80;\n    server_name     s2a.ctrip.com s2b.ctrip.com;\n}\n', 30, '2015-03-15 19:15:52', '2015-03-15 19:15:52'),
	(23, 'default', 'site1', 'server {\n    listen    80;\n    server_name     s1.ctrip.com;\n    location /{\n        check_status;\n        proxy_pass http://backend_site1_h5GatewayFat;\n    }\n}\n', 31, '2015-03-15 19:16:16', '2015-03-15 19:16:16'),
	(24, 'default', 'site2', 'server {\n    listen    80;\n    server_name     s2a.ctrip.com s2b.ctrip.com;\n}\n', 31, '2015-03-15 19:16:16', '2015-03-15 19:16:16'),
	(25, 'default', 'site1', 'server {\n    listen    80;\n    server_name     s1.ctrip.com;\n    location /{\n        check_status;\n        proxy_pass http://backend_site1_h5GatewayFat;\n    }\n}\n', 32, '2015-03-15 19:18:57', '2015-03-15 19:18:57'),
	(26, 'default', 'site2', 'server {\n    listen    80;\n    server_name     s2a.ctrip.com s2b.ctrip.com;\n}\n', 32, '2015-03-15 19:18:57', '2015-03-15 19:18:57'),
	(27, 'default', 'site1', 'server {\n    listen    80;\n    server_name     s1.ctrip.com;\n    location /{\n        check_status;\n        proxy_pass http://backend_site1_h5GatewayFat;\n    }\n}\n', 33, '2015-03-15 19:20:51', '2015-03-15 19:20:51'),
	(28, 'default', 'site2', 'server {\n    listen    80;\n    server_name     s2a.ctrip.com s2b.ctrip.com;\n    location /restapi{\n        check_status;\n        proxy_pass http://backend_site2_h5GatewayUatApi;\n    }\n}\n', 33, '2015-03-15 19:20:51', '2015-03-15 19:20:51'),
	(29, 'default', 'site1', 'server {\n    listen    80;\n    server_name     s1.ctrip.com;\n    location /{\n        check_status;\n        proxy_pass http://backend_site1_h5GatewayFat;\n    }\n}\n', 34, '2015-03-15 19:21:02', '2015-03-15 19:21:02'),
	(30, 'default', 'site2', 'server {\n    listen    80;\n    server_name     s2a.ctrip.com s2b.ctrip.com;\n    location /restapi{\n        check_status;\n        proxy_pass http://backend_site2_h5GatewayUatApi;\n    }\n    location /{\n        check_status;\n        proxy_pass http://backend_site2_h5GatewayUat;\n    }\n}\n', 34, '2015-03-15 19:21:02', '2015-03-15 19:21:02'),
	(31, 'default', 'site1', 'server {\n    listen    80;\n    server_name     s1.ctrip.com;\n    location /{\n        check_status;\n        proxy_pass http://backend_site1_h5GatewayFat;\n    }\n}\n', 35, '2015-03-15 19:23:14', '2015-03-15 19:23:14'),
	(32, 'default', 'site2', 'server {\n    listen    80;\n    server_name     s2a.ctrip.com s2b.ctrip.com;\n    location /restapi{\n        check_status;\n        proxy_pass http://backend_site2_h5GatewayUatApi;\n    }\n    location /{\n        check_status;\n        proxy_pass http://backend_site2_h5GatewayUat;\n    }\n}\n', 35, '2015-03-15 19:23:14', '2015-03-15 19:23:14'),
	(33, 'default', 'site1', 'server {\n    listen    80;\n    server_name     s1.ctrip.com;\n    location /{\n        check_status;\n        proxy_pass http://backend_site1_h5GatewayFat;\n    }\n}\n', 36, '2015-03-15 20:50:22', '2015-03-15 20:50:22'),
	(34, 'default', 'site2', 'server {\n    listen    80;\n    server_name     s2a.ctrip.com s2b.ctrip.com;\n    location /restapi{\n        check_status;\n        proxy_pass http://backend_site2_h5GatewayUatApi;\n    }\n    location /{\n        check_status;\n        proxy_pass http://backend_site2_h5GatewayUat;\n    }\n}\n', 36, '2015-03-15 20:50:22', '2015-03-15 20:50:22'),
	(35, 'default', 'site1', 'server {\n    listen    80;\n    server_name     s1.ctrip.com;\n    location /{\n        check_status;\n        proxy_pass http://backend_site1_h5GatewayFat;\n    }\n}\n', 37, '2015-03-15 20:50:51', '2015-03-15 20:50:51'),
	(36, 'default', 'site2', 'server {\n    listen    80;\n    server_name     s2a.ctrip.com s2b.ctrip.com;\n    location /restapi{\n        check_status;\n        proxy_pass http://backend_site2_h5GatewayUatApi;\n    }\n    location /{\n        check_status;\n        proxy_pass http://backend_site2_h5GatewayUat;\n    }\n}\n', 37, '2015-03-15 20:50:51', '2015-03-15 20:50:51'),
	(37, 'default', 'site1', 'server {\n    listen    80;\n    server_name     s1.ctrip.com;\n    location /{\n        check_status;\n        proxy_pass http://backend_site1_h5GatewayFat;\n    }\n}\n', 38, '2015-03-15 20:53:03', '2015-03-15 20:53:03'),
	(38, 'default', 'site2', 'server {\n    listen    80;\n    server_name     s2a.ctrip.com s2b.ctrip.com;\n    location /restapi{\n        check_status;\n        proxy_pass http://backend_site2_h5GatewayUatApi;\n    }\n    location /{\n        check_status;\n        proxy_pass http://backend_site2_h5GatewayUat;\n    }\n}\n', 38, '2015-03-15 20:53:03', '2015-03-15 20:53:03'),
	(39, 'default', 'site1', 'server {\n    listen    80;\n    server_name     s1.ctrip.com;\n    location /{\n        check_status;\n        proxy_pass http://backend_site1_h5GatewayFat;\n    }\n}\n', 39, '2015-03-15 20:53:56', '2015-03-15 20:53:56'),
	(40, 'default', 'site2', 'server {\n    listen    80;\n    server_name     s2a.ctrip.com s2b.ctrip.com;\n    location /restapi{\n        check_status;\n        proxy_pass http://backend_site2_h5GatewayUatApi;\n    }\n    location /{\n        check_status;\n        proxy_pass http://backend_site2_h5GatewayUat;\n    }\n}\n', 39, '2015-03-15 20:53:56', '2015-03-15 20:53:56');
/*!40000 ALTER TABLE `nginx_conf_server` ENABLE KEYS */;

-- Dumping data for table zeus.nginx_conf_upstream: ~40 rows (approximately)
DELETE FROM `nginx_conf_upstream`;
/*!40000 ALTER TABLE `nginx_conf_upstream` DISABLE KEYS */;
INSERT INTO `nginx_conf_upstream` (`id`, `slb_name`, `name`, `content`, `version`, `created_time`, `last_modified`) VALUES
	(1, 'default', 'site1', 'upstream backend_site1_h5GatewayFat {\n        server 10.2.6.201:8080 weight=1 max_fails=2 fail_timeout=30;\n    server 10.2.6.202:8080 weight=2 max_fails=2 fail_timeout=30;\n    check interval=10000 rise=2 fall=5 timeout=1000 type=http;\n    check_keepalive_requests 100;\n    check_http_send "GET /domaininfo/OnService.html HTTP/1.0\\r\\nConnection: keep-alive\\r\\nHost: s1.ctrip.com\\r\\n\\r\\n";\n    check_http_expect_alive http_2xx http_3xx;\n}\n', 20, '2015-03-15 18:50:36', '2015-03-15 18:50:36'),
	(2, 'default', 'site2', '', 20, '2015-03-15 18:50:36', '2015-03-15 18:50:36'),
	(3, 'default', 'site1', 'upstream backend_site1_h5GatewayFat {\n        server 10.2.6.201:8080 weight=1 max_fails=2 fail_timeout=30;\n    server 10.2.6.202:8080 weight=2 max_fails=2 fail_timeout=30;\n    check interval=10000 rise=2 fall=5 timeout=1000 type=http;\n    check_keepalive_requests 100;\n    check_http_send "GET /domaininfo/OnService.html HTTP/1.0\\r\\nConnection: keep-alive\\r\\nHost: s1.ctrip.com\\r\\n\\r\\n";\n    check_http_expect_alive http_2xx http_3xx;\n}\n', 21, '2015-03-15 18:52:40', '2015-03-15 18:52:40'),
	(4, 'default', 'site2', '', 21, '2015-03-15 18:53:06', '2015-03-15 18:53:06'),
	(5, 'default', 'site1', 'upstream backend_site1_h5GatewayFat {\n        server 10.2.6.201:8080 weight=1 max_fails=2 fail_timeout=30;\n    server 10.2.6.202:8080 weight=2 max_fails=2 fail_timeout=30;\n    check interval=10000 rise=2 fall=5 timeout=1000 type=http;\n    check_keepalive_requests 100;\n    check_http_send "GET /domaininfo/OnService.html HTTP/1.0\\r\\nConnection: keep-alive\\r\\nHost: s1.ctrip.com\\r\\n\\r\\n";\n    check_http_expect_alive http_2xx http_3xx;\n}\n', 22, '2015-03-15 18:53:43', '2015-03-15 18:53:43'),
	(6, 'default', 'site2', '', 22, '2015-03-15 18:53:43', '2015-03-15 18:53:43'),
	(7, 'default', 'site1', 'upstream backend_site1_h5GatewayFat {\n        server 10.2.6.201:8080 weight=1 max_fails=2 fail_timeout=30;\n    server 10.2.6.202:8080 weight=2 max_fails=2 fail_timeout=30;\n    check interval=10000 rise=2 fall=5 timeout=1000 type=http;\n    check_keepalive_requests 100;\n    check_http_send "GET /domaininfo/OnService.html HTTP/1.0\\r\\nConnection: keep-alive\\r\\nHost: s1.ctrip.com\\r\\n\\r\\n";\n    check_http_expect_alive http_2xx http_3xx;\n}\n', 23, '2015-03-15 18:54:23', '2015-03-15 18:54:23'),
	(8, 'default', 'site2', '', 23, '2015-03-15 18:54:23', '2015-03-15 18:54:23'),
	(9, 'default', 'site1', 'upstream backend_site1_h5GatewayFat {\n        server 10.2.6.201:8080 weight=1 max_fails=2 fail_timeout=30;\n    server 10.2.6.202:8080 weight=2 max_fails=2 fail_timeout=30;\n    check interval=10000 rise=2 fall=5 timeout=1000 type=http;\n    check_keepalive_requests 100;\n    check_http_send "GET /domaininfo/OnService.html HTTP/1.0\\r\\nConnection: keep-alive\\r\\nHost: s1.ctrip.com\\r\\n\\r\\n";\n    check_http_expect_alive http_2xx http_3xx;\n}\n', 24, '2015-03-15 18:54:30', '2015-03-15 18:54:30'),
	(10, 'default', 'site2', '', 24, '2015-03-15 18:54:30', '2015-03-15 18:54:30'),
	(11, 'default', 'site1', 'upstream backend_site1_h5GatewayFat {\n        server 10.2.6.201:8080 weight=1 max_fails=2 fail_timeout=30;\n    server 10.2.6.202:8080 weight=2 max_fails=2 fail_timeout=30;\n    check interval=10000 rise=2 fall=5 timeout=1000 type=http;\n    check_keepalive_requests 100;\n    check_http_send "GET /domaininfo/OnService.html HTTP/1.0\\r\\nConnection: keep-alive\\r\\nHost: s1.ctrip.com\\r\\n\\r\\n";\n    check_http_expect_alive http_2xx http_3xx;\n}\n', 25, '2015-03-15 18:54:31', '2015-03-15 18:54:31'),
	(12, 'default', 'site2', '', 25, '2015-03-15 18:54:31', '2015-03-15 18:54:31'),
	(13, 'default', 'site1', 'upstream backend_site1_h5GatewayFat {\n        server 10.2.6.201:8080 weight=1 max_fails=2 fail_timeout=30;\n    server 10.2.6.202:8080 weight=2 max_fails=2 fail_timeout=30;\n    check interval=10000 rise=2 fall=5 timeout=1000 type=http;\n    check_keepalive_requests 100;\n    check_http_send "GET /domaininfo/OnService.html HTTP/1.0\\r\\nConnection: keep-alive\\r\\nHost: s1.ctrip.com\\r\\n\\r\\n";\n    check_http_expect_alive http_2xx http_3xx;\n}\n', 26, '2015-03-15 18:54:31', '2015-03-15 18:54:31'),
	(14, 'default', 'site2', '', 26, '2015-03-15 18:54:31', '2015-03-15 18:54:31'),
	(15, 'default', 'site1', 'upstream backend_site1_h5GatewayFat {\n        server 10.2.6.201:8080 weight=1 max_fails=2 fail_timeout=30;\n    server 10.2.6.202:8080 weight=2 max_fails=2 fail_timeout=30;\n    check interval=10000 rise=2 fall=5 timeout=1000 type=http;\n    check_keepalive_requests 100;\n    check_http_send "GET /domaininfo/OnService.html HTTP/1.0\\r\\nConnection: keep-alive\\r\\nHost: s1.ctrip.com\\r\\n\\r\\n";\n    check_http_expect_alive http_2xx http_3xx;\n}\n', 27, '2015-03-15 18:54:32', '2015-03-15 18:54:32'),
	(16, 'default', 'site2', '', 27, '2015-03-15 18:54:32', '2015-03-15 18:54:32'),
	(17, 'default', 'site1', 'upstream backend_site1_h5GatewayFat {\n        server 10.2.6.201:8080 weight=1 max_fails=2 fail_timeout=30;\n    server 10.2.6.202:8080 weight=2 max_fails=2 fail_timeout=30;\n    check interval=10000 rise=2 fall=5 timeout=1000 type=http;\n    check_keepalive_requests 100;\n    check_http_send "GET /domaininfo/OnService.html HTTP/1.0\\r\\nConnection: keep-alive\\r\\nHost: s1.ctrip.com\\r\\n\\r\\n";\n    check_http_expect_alive http_2xx http_3xx;\n}\n', 28, '2015-03-15 19:14:52', '2015-03-15 19:14:52'),
	(18, 'default', 'site2', '', 28, '2015-03-15 19:14:52', '2015-03-15 19:14:52'),
	(19, 'default', 'site1', 'upstream backend_site1_h5GatewayFat {\n        server 10.2.6.201:8080 weight=1 max_fails=2 fail_timeout=30;\n    server 10.2.6.202:8080 weight=2 max_fails=2 fail_timeout=30;\n    check interval=10000 rise=2 fall=5 timeout=1000 type=http;\n    check_keepalive_requests 100;\n    check_http_send "GET /domaininfo/OnService.html HTTP/1.0\\r\\nConnection: keep-alive\\r\\nHost: s1.ctrip.com\\r\\n\\r\\n";\n    check_http_expect_alive http_2xx http_3xx;\n}\n', 29, '2015-03-15 19:15:30', '2015-03-15 19:15:30'),
	(20, 'default', 'site2', '', 29, '2015-03-15 19:15:30', '2015-03-15 19:15:30'),
	(21, 'default', 'site1', 'upstream backend_site1_h5GatewayFat {\n        server 10.2.6.201:8080 weight=1 max_fails=2 fail_timeout=30;\n    server 10.2.6.202:8080 weight=2 max_fails=2 fail_timeout=30;\n    check interval=10000 rise=2 fall=5 timeout=1000 type=http;\n    check_keepalive_requests 100;\n    check_http_send "GET /domaininfo/OnService.html HTTP/1.0\\r\\nConnection: keep-alive\\r\\nHost: s1.ctrip.com\\r\\n\\r\\n";\n    check_http_expect_alive http_2xx http_3xx;\n}\n', 30, '2015-03-15 19:15:52', '2015-03-15 19:15:52'),
	(22, 'default', 'site2', '', 30, '2015-03-15 19:15:52', '2015-03-15 19:15:52'),
	(23, 'default', 'site1', 'upstream backend_site1_h5GatewayFat {\n        server 10.2.6.201:8080 weight=1 max_fails=2 fail_timeout=30;\n    server 10.2.6.202:8080 weight=2 max_fails=2 fail_timeout=30;\n    check interval=10000 rise=2 fall=5 timeout=1000 type=http;\n    check_keepalive_requests 100;\n    check_http_send "GET /domaininfo/OnService.html HTTP/1.0\\r\\nConnection: keep-alive\\r\\nHost: s1.ctrip.com\\r\\n\\r\\n";\n    check_http_expect_alive http_2xx http_3xx;\n}\n', 31, '2015-03-15 19:16:16', '2015-03-15 19:16:16'),
	(24, 'default', 'site2', '', 31, '2015-03-15 19:16:16', '2015-03-15 19:16:16'),
	(25, 'default', 'site1', 'upstream backend_site1_h5GatewayFat {\n        server 10.2.6.201:8080 weight=1 max_fails=2 fail_timeout=30;\n    server 10.2.6.202:8080 weight=2 max_fails=2 fail_timeout=30;\n    check interval=10000 rise=2 fall=5 timeout=1000 type=http;\n    check_keepalive_requests 100;\n    check_http_send "GET /domaininfo/OnService.html HTTP/1.0\\r\\nConnection: keep-alive\\r\\nHost: s1.ctrip.com\\r\\n\\r\\n";\n    check_http_expect_alive http_2xx http_3xx;\n}\n', 32, '2015-03-15 19:18:57', '2015-03-15 19:18:57'),
	(26, 'default', 'site2', '', 32, '2015-03-15 19:18:57', '2015-03-15 19:18:57'),
	(27, 'default', 'site1', 'upstream backend_site1_h5GatewayFat {\n        server 10.2.6.201:8080 weight=1 max_fails=2 fail_timeout=30;\n    server 10.2.6.202:8080 weight=2 max_fails=2 fail_timeout=30;\n    check interval=10000 rise=2 fall=5 timeout=1000 type=http;\n    check_keepalive_requests 100;\n    check_http_send "GET /domaininfo/OnService.html HTTP/1.0\\r\\nConnection: keep-alive\\r\\nHost: s1.ctrip.com\\r\\n\\r\\n";\n    check_http_expect_alive http_2xx http_3xx;\n}\n', 33, '2015-03-15 19:20:51', '2015-03-15 19:20:51'),
	(28, 'default', 'site2', 'upstream backend_site2_h5GatewayUatApi {\n        server 10.2.24.69:8080 weight=1 max_fails=2 fail_timeout=30;\n    server 10.2.24.70:8080 weight=2 max_fails=2 fail_timeout=30;\n    check interval=15000 rise=2 fall=5 timeout=1000 type=http;\n    check_keepalive_requests 100;\n    check_http_send "GET /domaininfo/OnService.html HTTP/1.0\\r\\nConnection: keep-alive\\r\\nHost: s2a.ctrip.com\\r\\n\\r\\n";\n    check_http_expect_alive http_2xx http_3xx;\n}\n', 33, '2015-03-15 19:20:51', '2015-03-15 19:20:51'),
	(29, 'default', 'site1', 'upstream backend_site1_h5GatewayFat {\n        server 10.2.6.201:8080 weight=1 max_fails=2 fail_timeout=30;\n    server 10.2.6.202:8080 weight=2 max_fails=2 fail_timeout=30;\n    check interval=10000 rise=2 fall=5 timeout=1000 type=http;\n    check_keepalive_requests 100;\n    check_http_send "GET /domaininfo/OnService.html HTTP/1.0\\r\\nConnection: keep-alive\\r\\nHost: s1.ctrip.com\\r\\n\\r\\n";\n    check_http_expect_alive http_2xx http_3xx;\n}\n', 34, '2015-03-15 19:21:02', '2015-03-15 19:21:02'),
	(30, 'default', 'site2', 'upstream backend_site2_h5GatewayUatApi {\n        server 10.2.24.69:8080 weight=1 max_fails=2 fail_timeout=30;\n    server 10.2.24.70:8080 weight=2 max_fails=2 fail_timeout=30;\n    check interval=15000 rise=2 fall=5 timeout=1000 type=http;\n    check_keepalive_requests 100;\n    check_http_send "GET /domaininfo/OnService.html HTTP/1.0\\r\\nConnection: keep-alive\\r\\nHost: s2a.ctrip.com\\r\\n\\r\\n";\n    check_http_expect_alive http_2xx http_3xx;\n}\nupstream backend_site2_h5GatewayUat {\n        server 10.2.24.69:8080 weight=1 max_fails=2 fail_timeout=30;\n    server 10.2.24.70:8080 weight=2 max_fails=2 fail_timeout=30;\n    check interval=15000 rise=2 fall=5 timeout=1000 type=http;\n    check_keepalive_requests 100;\n    check_http_send "GET /domaininfo/xxxxx HTTP/1.0\\r\\nConnection: keep-alive\\r\\nHost: s2a.ctrip.com\\r\\n\\r\\n";\n    check_http_expect_alive http_2xx http_3xx;\n}\n', 34, '2015-03-15 19:21:02', '2015-03-15 19:21:02'),
	(31, 'default', 'site1', 'upstream backend_site1_h5GatewayFat {\n        server 10.2.6.201:8080 weight=1 max_fails=2 fail_timeout=30;\n    server 10.2.6.202:8080 weight=2 max_fails=2 fail_timeout=30;\n    check interval=10000 rise=2 fall=5 timeout=1000 type=http;\n    check_keepalive_requests 100;\n    check_http_send "GET /domaininfo/OnService.html HTTP/1.0\\r\\nConnection: keep-alive\\r\\nHost: s1.ctrip.com\\r\\n\\r\\n";\n    check_http_expect_alive http_2xx http_3xx;\n}\n', 35, '2015-03-15 19:23:14', '2015-03-15 19:23:14'),
	(32, 'default', 'site2', 'upstream backend_site2_h5GatewayUatApi {\n        server 10.2.24.69:8080 weight=1 max_fails=2 fail_timeout=30;\n    server 10.2.24.70:8080 weight=2 max_fails=2 fail_timeout=30;\n    check interval=15000 rise=2 fall=5 timeout=1000 type=http;\n    check_keepalive_requests 100;\n    check_http_send "GET /domaininfo/OnService.html HTTP/1.0\\r\\nConnection: keep-alive\\r\\nHost: s2a.ctrip.com\\r\\n\\r\\n";\n    check_http_expect_alive http_2xx http_3xx;\n}\nupstream backend_site2_h5GatewayUat {\n        server 10.2.24.69:8080 weight=1 max_fails=2 fail_timeout=30;\n    server 10.2.24.70:8080 weight=2 max_fails=2 fail_timeout=30;\n    check interval=15000 rise=2 fall=5 timeout=1000 type=http;\n    check_keepalive_requests 100;\n    check_http_send "GET /domaininfo/xxxxx HTTP/1.0\\r\\nConnection: keep-alive\\r\\nHost: s2a.ctrip.com\\r\\n\\r\\n";\n    check_http_expect_alive http_2xx http_3xx;\n}\n', 35, '2015-03-15 19:23:14', '2015-03-15 19:23:14'),
	(33, 'default', 'site1', 'upstream backend_site1_h5GatewayFat {\n        server 10.2.6.201:8080 weight=1 max_fails=2 fail_timeout=30;\n    server 10.2.6.202:8080 weight=2 max_fails=2 fail_timeout=30;\n    check interval=10000 rise=2 fall=5 timeout=1000 type=http;\n    check_keepalive_requests 100;\n    check_http_send "GET /domaininfo/OnService.html HTTP/1.0\\r\\nConnection: keep-alive\\r\\nHost: s1.ctrip.com\\r\\n\\r\\n";\n    check_http_expect_alive http_2xx http_3xx;\n}\n', 36, '2015-03-15 20:50:22', '2015-03-15 20:50:22'),
	(34, 'default', 'site2', 'upstream backend_site2_h5GatewayUatApi {\n        server 10.2.24.69:8080 weight=1 max_fails=2 fail_timeout=30;\n    server 10.2.24.70:8080 weight=2 max_fails=2 fail_timeout=30;\n    check interval=15000 rise=2 fall=5 timeout=1000 type=http;\n    check_keepalive_requests 100;\n    check_http_send "GET /domaininfo/OnService.html HTTP/1.0\\r\\nConnection: keep-alive\\r\\nHost: s2a.ctrip.com\\r\\n\\r\\n";\n    check_http_expect_alive http_2xx http_3xx;\n}\nupstream backend_site2_h5GatewayUat {\n        server 10.2.24.69:8080 weight=1 max_fails=2 fail_timeout=30;\n    server 10.2.24.70:8080 weight=2 max_fails=2 fail_timeout=30;\n    check interval=15000 rise=2 fall=5 timeout=1000 type=http;\n    check_keepalive_requests 100;\n    check_http_send "GET /domaininfo/xxxxx HTTP/1.0\\r\\nConnection: keep-alive\\r\\nHost: s2a.ctrip.com\\r\\n\\r\\n";\n    check_http_expect_alive http_2xx http_3xx;\n}\n', 36, '2015-03-15 20:50:22', '2015-03-15 20:50:22'),
	(35, 'default', 'site1', 'upstream backend_site1_h5GatewayFat {\n        server 10.2.6.201:8080 weight=1 max_fails=2 fail_timeout=30;\n    server 10.2.6.202:8080 weight=2 max_fails=2 fail_timeout=30;\n    check interval=10000 rise=2 fall=5 timeout=1000 type=http;\n    check_keepalive_requests 100;\n    check_http_send "GET /domaininfo/OnService.html HTTP/1.0\\r\\nConnection: keep-alive\\r\\nHost: s1.ctrip.com\\r\\n\\r\\n";\n    check_http_expect_alive http_2xx http_3xx;\n}\n', 37, '2015-03-15 20:50:51', '2015-03-15 20:50:51'),
	(36, 'default', 'site2', 'upstream backend_site2_h5GatewayUatApi {\n        server 10.2.24.69:8080 weight=1 max_fails=2 fail_timeout=30;\n    server 10.2.24.70:8080 weight=2 max_fails=2 fail_timeout=30;\n    check interval=15000 rise=2 fall=5 timeout=1000 type=http;\n    check_keepalive_requests 100;\n    check_http_send "GET /domaininfo/OnService.html HTTP/1.0\\r\\nConnection: keep-alive\\r\\nHost: s2a.ctrip.com\\r\\n\\r\\n";\n    check_http_expect_alive http_2xx http_3xx;\n}\nupstream backend_site2_h5GatewayUat {\n        server 10.2.24.69:8080 weight=1 max_fails=2 fail_timeout=30;\n    server 10.2.24.70:8080 weight=2 max_fails=2 fail_timeout=30;\n    check interval=15000 rise=2 fall=5 timeout=1000 type=http;\n    check_keepalive_requests 100;\n    check_http_send "GET /domaininfo/xxxxx HTTP/1.0\\r\\nConnection: keep-alive\\r\\nHost: s2a.ctrip.com\\r\\n\\r\\n";\n    check_http_expect_alive http_2xx http_3xx;\n}\n', 37, '2015-03-15 20:50:51', '2015-03-15 20:50:51'),
	(37, 'default', 'site1', 'upstream backend_site1_h5GatewayFat {\n        server 10.2.6.201:8080 weight=1 max_fails=2 fail_timeout=30;\n    server 10.2.6.202:8080 weight=2 max_fails=2 fail_timeout=30;\n    check interval=10000 rise=2 fall=5 timeout=1000 type=http;\n    check_keepalive_requests 100;\n    check_http_send "GET /domaininfo/OnService.html HTTP/1.0\\r\\nConnection: keep-alive\\r\\nHost: s1.ctrip.com\\r\\n\\r\\n";\n    check_http_expect_alive http_2xx http_3xx;\n}\n', 38, '2015-03-15 20:53:03', '2015-03-15 20:53:03'),
	(38, 'default', 'site2', 'upstream backend_site2_h5GatewayUatApi {\n        server 10.2.24.69:8080 weight=1 max_fails=2 fail_timeout=30;\n    server 10.2.24.70:8080 weight=2 max_fails=2 fail_timeout=30;\n    check interval=15000 rise=2 fall=5 timeout=1000 type=http;\n    check_keepalive_requests 100;\n    check_http_send "GET /domaininfo/OnService.html HTTP/1.0\\r\\nConnection: keep-alive\\r\\nHost: s2a.ctrip.com\\r\\n\\r\\n";\n    check_http_expect_alive http_2xx http_3xx;\n}\nupstream backend_site2_h5GatewayUat {\n        server 10.2.24.69:8080 weight=1 max_fails=2 fail_timeout=30;\n    server 10.2.24.70:8080 weight=2 max_fails=2 fail_timeout=30;\n    check interval=15000 rise=2 fall=5 timeout=1000 type=http;\n    check_keepalive_requests 100;\n    check_http_send "GET /domaininfo/xxxxx HTTP/1.0\\r\\nConnection: keep-alive\\r\\nHost: s2a.ctrip.com\\r\\n\\r\\n";\n    check_http_expect_alive http_2xx http_3xx;\n}\n', 38, '2015-03-15 20:53:03', '2015-03-15 20:53:03'),
	(39, 'default', 'site1', 'upstream backend_site1_h5GatewayFat {\n        server 10.2.6.201:8080 weight=1 max_fails=2 fail_timeout=30;\n    server 10.2.6.202:8080 weight=2 max_fails=2 fail_timeout=30;\n    check interval=10000 rise=2 fall=5 timeout=1000 type=http;\n    check_keepalive_requests 100;\n    check_http_send "GET /domaininfo/OnService.html HTTP/1.0\\r\\nConnection: keep-alive\\r\\nHost: s1.ctrip.com\\r\\n\\r\\n";\n    check_http_expect_alive http_2xx http_3xx;\n}\n', 39, '2015-03-15 20:53:56', '2015-03-15 20:53:56'),
	(40, 'default', 'site2', 'upstream backend_site2_h5GatewayUatApi {\n        server 10.2.24.69:8080 weight=1 max_fails=2 fail_timeout=30;\n    server 10.2.24.70:8080 weight=2 max_fails=2 fail_timeout=30;\n    check interval=15000 rise=2 fall=5 timeout=1000 type=http;\n    check_keepalive_requests 100;\n    check_http_send "GET /domaininfo/OnService.html HTTP/1.0\\r\\nConnection: keep-alive\\r\\nHost: s2a.ctrip.com\\r\\n\\r\\n";\n    check_http_expect_alive http_2xx http_3xx;\n}\nupstream backend_site2_h5GatewayUat {\n        server 10.2.24.69:8080 weight=1 max_fails=2 fail_timeout=30;\n    server 10.2.24.70:8080 weight=2 max_fails=2 fail_timeout=30;\n    check interval=15000 rise=2 fall=5 timeout=1000 type=http;\n    check_keepalive_requests 100;\n    check_http_send "GET /domaininfo/xxxxx HTTP/1.0\\r\\nConnection: keep-alive\\r\\nHost: s2a.ctrip.com\\r\\n\\r\\n";\n    check_http_expect_alive http_2xx http_3xx;\n}\n', 39, '2015-03-15 20:53:56', '2015-03-15 20:53:56');
/*!40000 ALTER TABLE `nginx_conf_upstream` ENABLE KEYS */;

-- Dumping data for table zeus.nginx_server: ~3 rows (approximately)
DELETE FROM `nginx_server`;
/*!40000 ALTER TABLE `nginx_server` DISABLE KEYS */;
INSERT INTO `nginx_server` (`id`, `slb_name`, `ip`, `version`, `created_time`, `last_modified`) VALUES
	(30, 'default', '10.2.25.93', 0, '2015-03-15 19:37:35', '2015-03-15 19:37:35'),
	(31, 'default', '10.2.25.94', 0, '2015-03-15 19:37:35', '2015-03-15 19:37:35'),
	(32, 'default', '10.2.25.95', 0, '2015-03-15 19:37:35', '2015-03-15 19:37:35');
/*!40000 ALTER TABLE `nginx_server` ENABLE KEYS */;

-- Dumping data for table zeus.server: ~8 rows (approximately)
DELETE FROM `server`;
/*!40000 ALTER TABLE `server` DISABLE KEYS */;
INSERT INTO `server` (`id`, `ip`, `host_name`, `created_time`, `last_modified`) VALUES
	(1, '192.2.6.201', 'gateway1-h5', '2015-03-10 17:10:03', '2015-03-10 17:10:03'),
	(2, '192.2.6.202', 'gateway2-h5', '2015-03-10 17:10:03', '2015-03-10 17:10:03'),
	(3, '192.2.24.69', 'uat0068-app', '2015-03-10 17:13:52', '2015-03-11 16:19:31'),
	(4, '192.2.24.70', 'uat0069-app', '2015-03-10 17:13:52', '2015-03-11 16:19:31'),
	(5, '10.2.24.69', 'uat0068-app', '2015-03-10 22:34:53', '2015-03-12 20:52:19'),
	(6, '10.2.24.70', 'uat0069-app', '2015-03-10 22:34:53', '2015-03-12 20:52:19'),
	(7, '10.2.6.201', 'gateway1-h5', '2015-03-10 22:35:25', '2015-03-11 14:38:19'),
	(8, '10.2.6.202', 'gateway2-h5', '2015-03-10 22:35:25', '2015-03-11 14:38:19');
/*!40000 ALTER TABLE `server` ENABLE KEYS */;

-- Dumping data for table zeus.slb: ~1 rows (approximately)
DELETE FROM `slb`;
/*!40000 ALTER TABLE `slb` DISABLE KEYS */;
INSERT INTO `slb` (`id`, `name`, `nginx_bin`, `nginx_conf`, `nginx_worker_processes`, `status`, `version`, `created_time`, `last_modified`) VALUES
	(1, 'default', '/usr/local/nginx/sbin', '/usr/local/nginx/conf', 1, 'TEST', 4, '2015-03-10 16:58:16', '2015-03-15 19:37:35');
/*!40000 ALTER TABLE `slb` ENABLE KEYS */;

-- Dumping data for table zeus.slb_domain: ~3 rows (approximately)
DELETE FROM `slb_domain`;
/*!40000 ALTER TABLE `slb_domain` DISABLE KEYS */;
INSERT INTO `slb_domain` (`id`, `slb_virtual_server_id`, `name`, `created_time`, `last_modified`) VALUES
	(1, 1, 's1.ctrip.com', '2015-03-10 16:58:16', '2015-03-15 19:37:35'),
	(2, 2, 's2a.ctrip.com', '2015-03-10 16:58:16', '2015-03-15 19:37:35'),
	(3, 2, 's2b.ctrip.com', '2015-03-10 16:58:16', '2015-03-15 19:37:35');
/*!40000 ALTER TABLE `slb_domain` ENABLE KEYS */;

-- Dumping data for table zeus.slb_server: ~3 rows (approximately)
DELETE FROM `slb_server`;
/*!40000 ALTER TABLE `slb_server` DISABLE KEYS */;
INSERT INTO `slb_server` (`id`, `slb_id`, `ip`, `host_name`, `enable`, `created_time`, `last_modified`) VALUES
	(1, 1, '10.2.25.93', 'uat0358', b'1', '2015-03-10 16:58:16', '2015-03-15 19:37:35'),
	(2, 1, '10.2.25.94', 'uat0359', b'1', '2015-03-10 16:58:16', '2015-03-15 19:37:35'),
	(3, 1, '10.2.25.95', 'uat0360', b'1', '2015-03-10 16:58:16', '2015-03-15 19:37:35');
/*!40000 ALTER TABLE `slb_server` ENABLE KEYS */;

-- Dumping data for table zeus.slb_vip: ~1 rows (approximately)
DELETE FROM `slb_vip`;
/*!40000 ALTER TABLE `slb_vip` DISABLE KEYS */;
INSERT INTO `slb_vip` (`id`, `slb_id`, `ip`, `created_time`, `last_modified`) VALUES
	(1, 1, '10.2.25.93', '2015-03-10 16:58:16', '2015-03-15 19:37:35');
/*!40000 ALTER TABLE `slb_vip` ENABLE KEYS */;

-- Dumping data for table zeus.slb_virtual_server: ~2 rows (approximately)
DELETE FROM `slb_virtual_server`;
/*!40000 ALTER TABLE `slb_virtual_server` DISABLE KEYS */;
INSERT INTO `slb_virtual_server` (`id`, `slb_id`, `name`, `port`, `is_ssl`, `created_time`, `last_modified`) VALUES
	(1, 1, 'site1', '80', b'0', '2015-03-10 16:58:16', '2015-03-15 19:37:35'),
	(2, 1, 'site2', '80', b'0', '2015-03-10 16:58:16', '2015-03-15 19:37:35');
/*!40000 ALTER TABLE `slb_virtual_server` ENABLE KEYS */;

-- Dumping data for table zeus.status_app_server: ~0 rows (approximately)
DELETE FROM `status_app_server`;
/*!40000 ALTER TABLE `status_app_server` DISABLE KEYS */;
/*!40000 ALTER TABLE `status_app_server` ENABLE KEYS */;

-- Dumping data for table zeus.status_server: ~0 rows (approximately)
DELETE FROM `status_server`;
/*!40000 ALTER TABLE `status_server` DISABLE KEYS */;
/*!40000 ALTER TABLE `status_server` ENABLE KEYS */;
/*!40101 SET SQL_MODE=IFNULL(@OLD_SQL_MODE, '') */;
/*!40014 SET FOREIGN_KEY_CHECKS=IF(@OLD_FOREIGN_KEY_CHECKS IS NULL, 1, @OLD_FOREIGN_KEY_CHECKS) */;
/*!40101 SET CHARACTER_SET_CLIENT=@OLD_CHARACTER_SET_CLIENT */;
